{"cameraMode":{"drawMode":0,"name":"Shaded","section":"Shading Mode"},"sceneLighting":false,"audioPlay":false,"sceneViewState":{"m_AlwaysRefresh":false,"showFog":true,"showSkybox":false,"showFlares":true,"showImageEffects":true,"showParticleSystems":true,"showVisualEffectGraphs":true,"m_FxEnabled":true},"in2DMode":false,"pivot":{"x":1.2650158405303956,"y":-0.2621283531188965,"z":-0.3030914068222046},"rotation":{"x":0.4284554123878479,"y":-0.010846774093806744,"z":0.005141868721693754,"w":0.9034949541091919},"size":3.111661434173584,"orthographic":false}