{"cameraMode":{"drawMode":0,"name":"Shaded","section":"Shading Mode"},"sceneLighting":false,"audioPlay":false,"sceneViewState":{"m_AlwaysRefresh":false,"showFog":true,"showSkybox":false,"showFlares":true,"showImageEffects":true,"showParticleSystems":true,"showVisualEffectGraphs":true,"m_FxEnabled":true},"in2DMode":false,"pivot":{"x":0.12137079238891602,"y":0.40146565437316897,"z":1.0723851919174195},"rotation":{"x":-0.0008505886071361601,"y":-0.9919580221176148,"z":0.12646998465061189,"w":-0.00665390957146883},"size":0.11074024438858032,"orthographic":false}